{"cameraMode":{"drawMode":0,"name":"Shaded","section":"Shading Mode"},"sceneLighting":false,"audioPlay":false,"sceneViewState":{"showFog":true,"showMaterialUpdate":false,"showSkybox":false,"showFlares":true,"showImageEffects":true,"showParticleSystems":true,"showVisualEffectGraphs":true,"m_FxEnabled":true},"in2DMode":false,"pivot":{"x":-19.43486213684082,"y":9.289999008178711,"z":21.94928550720215},"rotation":{"x":0.0036457746755331756,"y":0.8840383887290955,"z":-0.4673534631729126,"w":0.006896867882460356},"size":24.336952209472658,"orthographic":false}