{"cameraMode":{"drawMode":0,"name":"Shaded","section":"Shading Mode"},"sceneLighting":false,"audioPlay":false,"sceneViewState":{"showFog":true,"showMaterialUpdate":false,"showSkybox":false,"showFlares":true,"showImageEffects":true,"showParticleSystems":true,"showVisualEffectGraphs":true,"m_FxEnabled":true},"in2DMode":false,"pivot":{"x":-19.630001068115236,"y":3.7900004386901857,"z":34.211788177490237},"rotation":{"x":-0.00511591462418437,"y":0.9487074017524719,"z":-0.3157709836959839,"w":-0.015369617380201817},"size":23.445852279663087,"orthographic":false}