{"cameraMode":{"drawMode":0,"name":"Shaded","section":"Shading Mode"},"sceneLighting":false,"audioPlay":false,"sceneViewState":{"showFog":true,"showMaterialUpdate":false,"showSkybox":false,"showFlares":true,"showImageEffects":true,"showParticleSystems":true},"in2DMode":false,"pivot":{"x":-38.61000061035156,"y":2.049999952316284,"z":42.20000076293945},"rotation":{"x":0.27328068017959597,"y":-0.025657430291175844,"z":0.007326535880565643,"w":0.9615864753723145},"size":1.7320507764816285,"orthographic":false}