{"cameraMode":{"drawMode":0,"name":"Shaded","section":"Shading Mode"},"sceneLighting":false,"audioPlay":false,"sceneViewState":{"showFog":true,"showMaterialUpdate":false,"showSkybox":false,"showFlares":true,"showImageEffects":true,"showParticleSystems":true},"in2DMode":false,"pivot":{"x":-33.11000061035156,"y":1.7660000324249268,"z":36.67499923706055},"rotation":{"x":0.41784828901290896,"y":0.16473355889320374,"z":-0.07732966542243958,"w":0.8901087045669556},"size":0.5196143388748169,"orthographic":false}